MTML_position_x,MTML_position_y,MTML_position_z,MTML_velocity_linear_x,MTML_velocity_linear_y,MTML_velocity_linear_z,MTML_velocity_angular_x,MTML_velocity_angular_y,MTML_velocity_angular_z,MTML_orientation_w,MTMR_position_x,MTMR_position_y,MTMR_position_z,MTMR_velocity_linear_x,MTMR_velocity_linear_y,MTMR_velocity_linear_z,MTMR_velocity_angular_x,MTMR_velocity_angular_y,MTMR_velocity_angular_z,MTMR_orientation_w,PSM1_position_x,PSM1_position_y,PSM1_position_z,PSM1_velocity_linear_x,PSM1_velocity_linear_y,PSM1_velocity_linear_z,PSM1_velocity_angular_x,PSM1_velocity_angular_y,PSM1_velocity_angular_z,PSM1_orientation_w,PSM2_position_x,PSM2_position_y,PSM2_position_z,PSM2_velocity_linear_x,PSM2_velocity_linear_y,PSM2_velocity_linear_z,PSM2_velocity_angular_x,PSM2_velocity_angular_y,PSM2_velocity_angular_z,PSM2_orientation_w
0.08421039999999999,0.112372,0.364896,-0.00122345,-0.00421885,0.00178925,-0.131892,0.00761326,0.0140815,0.707428,-0.046135,0.0844633,0.349586,0.0244332,-0.00382596,-0.010267499999999999,-0.64562,-0.782716,-1.17474,-0.23616399999999999,-0.0860302,0.00918629,0.0244757,0.00483637,-0.0040571999999999995,-0.000451506,-0.479548,-0.5188189999999999,-0.871,-0.242794,0.0874779,0.014862700000000001,0.027627299999999997,0.000349006,-0.00110255,0.00142456,0.030873900000000003,0.288107,0.00834097,0.707855
0.0837447,0.110997,0.365639,0.00045438300000000004,0.000870132,0.000509694,0.000232467,0.00287783,0.00897026,0.7109880000000001,-0.021050700000000002,0.0270591,0.387155,-0.0102584,-0.0425846,0.00520603,0.112918,0.056484900000000005,-0.112416,-0.0135721,-0.0759036,-0.012936700000000002,0.0392905,-0.00255313,-0.0097686,0.00554284,0.32005100000000003,-0.0203857,-0.119099,-0.0162576,0.08744960000000002,0.014550899999999999,0.0278508,-2.11879e-05,7.458769999999999e-06,9.7102e-05,6.96903e-05,-0.000540928,0.0006543769999999999,0.711789
0.0837999,0.11069100000000001,0.36557,-0.000448809,-0.00121626,-0.0007417010000000001,0.042435,-0.000326093,-0.00593289,0.706793,-0.013299,0.0105352,0.41226,0.00616195,0.00648286,0.0358274,-0.0878904,0.0173347,0.0680688,-0.20919000000000001,-0.07258010000000001,-0.020536099999999998,0.0480699,0.004292600000000001,0.00405457,0.00811685,-0.0686669,-0.0316019,0.018313299999999998,-0.206027,0.0874523,0.0144862,0.0278774,-0.00012765700000000001,-0.000229599,-0.000279145,0.000883844,-0.00387377,0.0011263,0.707298
0.08321369999999999,0.10962100000000001,0.363385,-5.97665e-06,0.000858218,-0.00152443,0.00495731,-0.0036358000000000002,0.00158371,0.706777,-0.0134827,0.0157774,0.43377200000000005,-0.000408363,-0.00938933,0.00914624,-0.054036,0.0205118,-0.010074600000000001,-0.22266100000000003,-0.0724972,-0.018250400000000003,0.057248,-0.00118392,0.000336549,0.00209346,-0.0301608,0.00439153,-0.0255228,-0.220286,0.0872772,0.013993,0.027395599999999996,-0.000233633,-0.000470894,-0.0008055569999999999,-0.0190836,-0.0096965,0.011759700000000001,0.7083659999999999
0.0836615,0.109445,0.361579,0.00164265,-0.0006789130000000001,-0.000592053,-0.00227084,-0.0172939,-0.00764894,0.6999770000000001,-0.012546799999999999,0.00874004,0.436522,-0.00439885,0.015331899999999999,-0.0147083,-1.0930799999999998,0.423576,-0.11833699999999998,-0.183765,-0.07236619999999999,-0.0207625,0.059375300000000006,0.00153558,0.00500941,-0.00368784,-1.00641,0.9363940000000001,0.327275,-0.18379700000000002,0.087297,0.0139898,0.026726999999999997,0.0009678989999999999,-0.000254297,-0.000314442,-0.11183199999999999,0.0180667,0.0298768,0.701461
0.0754324,0.0993902,0.36201300000000003,-0.013041899999999999,-0.00587674,0.00534287,-0.0179125,0.04491319999999999,-0.00903988,0.71777,-0.0363295,0.0441615,0.381498,-0.127365,0.0495839,-0.129675,0.58065,-0.0775628,0.17744100000000002,-0.18803,-0.08117139999999999,-0.00796211,0.038898199999999994,-0.044492699999999996,0.00658732,-0.0573856,1.02686,0.193446,0.493838,-0.185661,0.0843228,0.010016200000000001,0.026387900000000002,-0.00785973,0.00133597,0.00109588,-0.0110895,0.014158700000000001,-0.0253701,0.717529
0.07585689999999999,0.0987645,0.366561,-0.00030708900000000003,0.000386723,8.38199e-05,0.0008173260000000001,-0.00267787,0.00231487,0.72115,-0.11059200000000001,0.030093599999999998,0.350246,-0.0410702,-0.019218799999999998,0.027666200000000002,-0.037705800000000005,0.0324382,0.0923192,-0.30151,-0.110926,-0.011996799999999998,0.0236636,-0.0115896,-0.0113598,0.0152529,0.180359,0.014566299999999999,0.195856,-0.300028,0.0843666,0.00965377,0.0281132,-6.84788e-05,-8.29525e-05,0.000123249,-0.00041567300000000003,0.00170284,-0.000596409,0.7209180000000001
0.0757536,0.09876130000000001,0.366517,1.00021e-06,-6.989689999999999e-05,-0.000143964,0.000266616,3.91997e-05,-0.00012888100000000002,0.720742,-0.117051,0.0221849,0.359236,0.00749329,-0.00019513099999999997,0.00876663,-0.019174,-0.021005799999999998,0.0159751,-0.306697,-0.114218,-0.0157102,0.0275644,0.000576729,-0.00151185,0.00468649,-0.0481377,-0.0440351,-0.0186472,-0.304733,0.0843247,0.00965726,0.0281217,-1.5704500000000002e-05,9.54876e-05,-2.53746e-05,0.000223072,-0.000793055,-0.000321305,0.7207600000000001
0.07563049999999999,0.09893160000000001,0.365163,-0.000865196,-0.000508106,-0.00495996,0.0116473,-0.000435328,-0.00496788,0.719043,-0.11525899999999999,0.0192378,0.36877,0.00426698,-0.00260207,0.00767648,-0.011379,-0.0777457,-0.0397533,-0.301439,-0.11345799999999999,-0.0167774,0.0313222,7.2339e-05,-0.00160739,0.00484052,-0.046661400000000006,-0.04619469999999999,-0.028576999999999998,-0.301602,0.0842948,0.00971319,0.027947399999999997,-0.000204973,0.000225767,-0.000984117,0.0127269,-0.007384999999999999,0.00524878,0.720112
0.07572539999999998,0.09956439999999998,0.36248600000000003,0.00183899,0.0020725,-0.0014356,-0.00088061,-0.06352680000000001,-0.027085900000000003,0.706947,-0.119676,0.026118099999999998,0.366789,0.00299845,0.0318719,-0.0371148,0.130779,0.00622115,0.028972199999999997,-0.300374,-0.11515,-0.014912100000000001,0.0315453,-0.00103448,0.00913191,-0.016253200000000002,0.11454,0.027299,0.031283099999999994,-0.299119,0.084178,0.010011399999999998,0.027046399999999998,0.000311504,0.000299451,-0.000742013,0.013396000000000002,0.00316685,-0.00725707,0.708596
0.0760802,0.099233,0.362786,0.000902393,0.000865051,-0.000569693,0.0006058659999999999,-0.0116414,-0.00811786,0.7072390000000001,-0.0324686,0.0359467,0.34234899999999996,0.132688,0.0260741,0.0651107,-0.346182,-0.931834,-1.33006,-0.193299,-0.0813461,-0.0111264,0.0209089,0.0594212,0.00966802,0.0212025,-0.252979,-0.696837,-1.34855,-0.198399,0.0842487,0.0100214,0.0270036,9.690709999999999e-05,0.000160064,-0.00018073400000000002,-0.000233146,-0.00396386,-0.00164886,0.7081569999999999
0.0783177,0.09863639999999999,0.362043,-0.0007850110000000001,0.000180179,0.00026924,0.050568800000000004,-0.004606,-0.00951277,0.650987,-0.00545897,0.0178513,0.386507,0.013732,-0.0284894,0.033957999999999995,-0.205825,0.372191,-0.580784,-0.251226,-0.0695576,-0.0167727,0.038368400000000004,0.00311775,-0.00761653,0.014320900000000001,-0.337147,0.495007,-0.712757,-0.25913200000000003,0.0851187,0.00958882,0.0267014,2.27888e-05,-3.58938e-05,5.3684099999999996e-05,0.000734508,0.00127824,7.817e-05,0.651559
0.0807076,0.102082,0.35872600000000004,-7.80445e-05,0.00024529799999999997,-0.00394921,0.00370903,-0.0349913,-0.034141500000000005,0.655517,-0.00899244,0.00843018,0.42706700000000003,-0.00173402,-0.00725224,0.026925400000000002,-0.12116800000000001,-0.0473774,-0.022815799999999997,-0.09600750000000001,-0.07079210000000001,-0.021174400000000003,0.0542346,0.00208032,-0.00368676,0.00886891,0.34469299999999997,0.0725442,0.175272,-0.0948329,0.0860349,0.0107842,0.025521900000000004,3.5510100000000004e-05,0.000409675,-0.0011116,0.00150266,0.00119551,-0.0111459,0.657701
0.09747610000000001,0.107741,0.35201,0.000568665,-0.00135815,0.00041394800000000003,-0.000900933,0.0184923,0.0187252,0.642638,-0.0110323,0.00696207,0.439377,-0.00417052,0.0168451,-0.0114946,0.119129,-0.145427,0.31459899999999996,-0.10709400000000001,-0.07135230000000001,-0.0219607,0.0596127,-0.00559196,0.0016983,0.0006645889999999999,-0.291207,-0.16360999999999998,-0.0972858,-0.106955,0.0928362,0.013050399999999998,0.0226535,-8.01786e-06,-9.255870000000001e-05,0.00021298200000000002,0.00229398,0.0024745,0.00035711,0.642684
0.0968013,0.102967,0.355198,-0.0246222,-0.07301410000000001,0.00863068,-0.022404499999999997,0.953274,0.790675,0.66605,-0.0233103,0.037319099999999994,0.40066799999999997,-0.0027482,0.00282242,-0.03327480000000001,0.0887638,0.265385,0.134871,-0.128566,-0.07658480000000001,-0.00996437,0.0451107,-0.00165821,-0.00459386,-0.00981254,0.0720311,0.157825,0.020497900000000003,-0.126853,0.09288719999999999,0.0124239,0.023493,-0.00579548,-0.013583000000000001,0.00798145,-0.0881156,0.8115829999999999,0.578046,0.6584949999999999
0.060485699999999996,0.06047809999999999,0.38513800000000004,-0.028451,-0.00415861,0.017944099999999998,-0.106393,0.0907966,0.00590486,0.7475430000000001,-0.012228200000000002,0.0496211,0.384843,0.012023700000000002,0.00120371,-0.0220622,0.12834,0.0779115,0.133,-0.21689499999999998,-0.0724073,-0.00518366,0.0387564,0.00383571,0.00535563,-0.0107549,0.059945000000000005,0.13203199999999998,0.0512075,-0.21421300000000001,0.0783919,-0.00501604,0.035374699999999995,-0.011097399999999999,-0.00454762,0.00934905,-0.23634699999999997,-0.10196799999999999,0.0642067,0.746089
0.0530365,0.0583188,0.39779499999999995,-0.0115058,0.00153625,0.00125551,-0.049654699999999996,0.0134265,0.00271823,0.805485,-0.00270551,0.0495301,0.369571,0.00762338,-0.000728806,-0.0149649,0.0651877,0.00040486900000000003,0.030252699999999997,-0.247369,-0.0687967,-0.00506665,0.032907599999999995,0.00391632,0.00209373,-0.0079633,0.025627299999999995,0.0623819,0.017469400000000003,-0.246229,0.07534439999999999,-0.00635567,0.0405566,-0.00270256,-0.000820278,0.00251338,-0.000977906,0.0197803,-0.00468398,0.80437
0.09642610000000001,0.0652323,0.401837,0.06670380000000001,0.0177239,-0.00497509,-0.0291284,0.21848499999999998,-0.163665,0.794746,-0.0482682,0.0683382,0.378673,-0.018974599999999998,-0.00730099,-0.000897569,-0.0414687,-0.0511671,-0.0741923,-0.250051,-0.0861,0.00285187,0.0355064,-0.0130597,0.00393923,0.00264679,-0.117218,-0.0535735,0.0482425,-0.252253,0.09174739999999999,-0.00392487,0.0421362,0.029493900000000003,0.00776087,-0.00171661,0.32092800000000005,0.291112,-0.15297,0.792652
0.0995668,0.07287539999999999,0.394488,-0.000351187,-0.00025525099999999996,0.000476012,0.019278599999999996,0.00018078400000000002,-0.036038,0.777582,-0.0701845,0.069658,0.396755,-0.0775025,0.000717324,0.00545675,-0.0519006,0.0236356,-0.127452,-0.238654,-0.0944599,0.00282621,0.042334500000000004,-0.030595400000000002,0.0025933,0.00312967,0.15221300000000001,0.0205865,-0.31275,-0.23895999999999998,0.09358639999999999,-0.0008692260000000001,0.039369699999999994,0.000107451,-6.37966e-05,0.0001538,-0.0108043,0.0159497,-0.00660275,0.777068
0.09933310000000001,0.0729186,0.394313,-7.68502e-06,-0.0008533560000000001,-0.000766941,0.00012062,-0.00712853,-0.00707295,0.77415,-0.103458,0.0470052,0.41459300000000004,0.0116137,0.00302422,0.0281358,0.00888358,-0.031712,0.00972703,-0.20720500000000003,-0.10873900000000002,-0.00602525,0.0493326,0.00306999,0.00320238,0.012668200000000001,-0.0941303,-0.07135230000000001,0.0514096,-0.204485,0.0935091,-0.0007716110000000001,0.039318900000000004,2.85716e-05,-3.30386e-05,2.99784e-05,-0.0209852,0.0403237,-0.010217,0.7733260000000001
0.0991359,0.07397569999999999,0.39206199999999997,-0.00035306800000000006,3.29116e-05,-0.00288467,0.00504065,-0.0255627,-0.0192872,0.765541,-0.0999672,0.05090719999999999,0.43215,0.00330835,0.00303017,0.0161023,-0.08080069999999999,-0.010740600000000001,-0.0208537,-0.204778,-0.107473,-0.00446365,0.056639300000000004,0.00766632,0.00115794,0.00185229,-0.0356534,0.0319863,0.0331756,-0.203112,0.093452,-0.00039560800000000004,0.038625099999999996,5.7514799999999994e-05,0.00033406099999999997,-0.000912461,0.00415336,-0.00143675,-0.00927805,0.765953
0.09894800000000001,0.07552189999999999,0.38876700000000003,0.000114426,0.0005782999999999999,-0.000365076,0.000421885,-0.013965,-0.00908233,0.755832,-0.10386600000000001,0.0508843,0.439482,-0.00328563,-0.00552763,-0.00120094,-0.0311241,0.00316961,-0.020015599999999998,-0.190902,-0.108545,-0.00414383,0.05965499999999999,-0.00267788,-0.00304455,0.0005681659999999999,-0.00151128,-0.00880633,-0.0416532,-0.19051099999999999,0.09340889999999999,0.000239583,0.0373444,1.3666400000000002e-05,3.42589e-05,1.13131e-05,0.0028691,0.000278641,-0.0012507999999999998,0.756269
0.09919510000000001,0.07646460000000001,0.38768,0.0,0.0,0.0,-0.0006730239999999999,-0.00626075,-0.00830756,0.753339,-0.101586,0.048042,0.439032,-0.00013099299999999998,0.000332981,0.0005017180000000001,0.00480614,0.00156661,-0.00080992,-0.191695,-0.10788299999999999,-0.00539765,0.0595381,-9.16582e-05,-1.46053e-06,1.80894e-05,0.00330583,-0.00185151,-0.00204305,-0.190771,0.0934724,0.000516986,0.036841900000000004,5.80379e-05,3.07159e-05,-9.75064e-05,0.00581019,-0.00640335,-0.00366255,0.75403
0.0992227,0.07649760000000001,0.387707,-0.00012776,0.000486274,-3.09386e-05,0.000243626,-0.00538163,-0.0035001999999999993,0.7505310000000001,-0.102665,0.0586543,0.434855,-0.0121337,0.0348589,-0.0399153,0.258865,0.12126600000000001,0.226372,-0.238918,-0.108368,-0.0021374000000000002,0.0586609,-0.00386129,0.0125013,-0.0134986,0.262482,0.108752,0.395637,-0.234058,0.09347269999999999,0.000575207,0.0368065,-7.56725e-05,1.64608e-05,-7.611489999999999e-06,0.000386999,-0.0008542239999999999,0.00139244,0.75102
0.0980727,0.07440110000000001,0.38958899999999996,-3.6569699999999995e-06,-8.59205e-05,-4.54617e-05,0.0154596,-0.018777099999999998,0.0234577,0.749131,-0.014934600000000001,0.0701987,0.34773899999999996,0.18699200000000002,-0.0520275,-0.0191888,-1.26035,0.025556099999999998,-2.54851,-0.23934699999999998,-0.07480139999999999,0.00459221,0.024354300000000002,0.077079,-0.0265721,-0.00662126,-1.10911,-0.112284,-2.71083,-0.261894,0.09322799999999999,6.85133e-05,0.0374242,3.9661e-05,-0.000127957,4.1341e-05,0.000315742,-0.00053145,0.000784964,0.749115
0.10475,0.0874084,0.389298,0.000442724,0.00159587,-0.000801363,0.0467673,0.0244463,-0.0266418,0.732797,0.00274631,0.0215827,0.385925,-0.00345945,-0.0360839,0.0172624,0.08168389999999999,-0.247315,-0.161497,0.07027710000000001,-0.0658469,-0.014868200000000002,0.038285400000000004,-0.00250344,-0.0147585,0.00330237,0.18941,-0.117002,-0.181049,0.0671712,0.0958416,0.00503705,0.037311800000000006,-0.000180967,-0.00033516800000000005,0.0007037430000000001,-0.0665175,0.0195423,0.00992039,0.731981
0.10459700000000001,0.0868535,0.387052,-0.000466679,9.82479e-05,-0.00244358,0.019621400000000004,-0.030724400000000002,-0.00370211,0.707599,0.00810294,0.00823967,0.40897100000000003,0.0181762,0.00513795,0.0106085,0.00605114,-0.017092700000000002,0.0229012,-0.122857,-0.064174,-0.021325099999999996,0.04712619999999999,0.00840012,-0.00312218,0.0011570999999999999,0.021919499999999998,-0.0824834,0.426339,-0.12433599999999999,0.0957283,0.00490146,0.036769,-0.00019742700000000002,-0.00113705,-0.000822365,0.00229362,-0.0152364,0.00431296,0.708461
0.10506099999999999,0.0874511,0.38603200000000004,-0.000162368,-0.00141117,-0.000988468,0.000199643,-0.0061474,-0.00852094,0.703847,0.0109875,0.0016152,0.420336,0.00170285,-0.00687455,0.00910116,-0.00990719,0.00963357,-0.0248588,-0.0605489,-0.0629486,-0.0233708,0.0519623,0.00162549,-0.00416092,0.00504304,-0.0706923,-0.011918000000000002,0.0055768,-0.061036,0.0958298,0.00507095,0.0362815,1.6181900000000002e-05,-4.6348500000000005e-05,5.66126e-06,0.000706878,-0.00293598,0.000146987,0.704518
0.105091,0.0873018,0.385646,0.000102951,-0.000226032,-0.00015827200000000002,0.000152397,0.000498188,-0.000573081,0.70339,0.0133387,6.70804e-05,0.419018,-0.000276575,-0.0178292,-0.00683088,-0.283961,0.453787,-0.643227,-0.177998,-0.061861900000000004,-0.023865400000000002,0.0520543,-0.00265317,-0.000287585,0.00121095,0.19196,0.72292,-0.401425,-0.181199,0.0958533,0.0050863,0.036138199999999995,7.661519999999999e-06,5.5754700000000003e-05,-7.36893e-05,0.00265926,-0.00888763,0.00253599,0.70396
0.0855689,0.0666428,0.38483,-0.0879847,-0.055723800000000004,0.0200575,-0.56826,0.106519,0.19128599999999998,0.701318,-0.014200200000000001,0.025996699999999998,0.38922399999999996,-0.0193685,0.0405555,-0.046730400000000005,0.8539389999999999,0.883093,0.657412,-0.24457399999999999,-0.07292080000000001,-0.015348599999999999,0.0406124,-0.00703864,0.0131809,-0.011687399999999999,0.990143,0.9647309999999999,0.7529170000000001,-0.23851399999999998,0.08925620000000001,-0.00117307,0.035562300000000005,-0.0370868,-0.040806800000000004,-0.0008940430000000001,-0.78854,0.0472021,0.510046,0.695944
0.05567819999999999,0.06133480000000001,0.40136900000000003,-0.0043625,-0.0095928,-0.00655205,-0.112854,-0.0833227,-0.00966239,0.686358,-0.0108998,0.0320827,0.379276,0.000210589,0.000149763,0.00111034,0.10909,-0.00583123,0.00248399,0.34729899999999997,-0.07190269999999999,-0.0118031,0.036080400000000006,0.00138851,-0.00303454,-0.000577929,-0.012947299999999998,0.0101385,-0.0268719,0.348371,0.07644400000000001,-0.00484131,0.0422561,-0.00267067,-0.00326957,0.00167975,-0.0248765,-0.206877,-0.0515383,0.6871010000000001
0.0440279,0.041661300000000005,0.395485,-0.00364047,0.00805212,0.00331252,-0.07869069999999999,-0.065789,0.0982995,0.710843,-0.0117664,0.0441529,0.380948,-0.00703239,-0.00445657,-0.00288573,0.013191999999999999,0.0110068,-0.0211838,0.36180999999999996,-0.072049,-0.00728757,0.036768699999999994,0.000369177,0.000256669,-0.00200548,0.000452384,0.0127671,0.00252578,0.362207,0.0717752,-0.0129357,0.0399199,-0.00455372,-0.00470686,-0.00325661,0.00264907,-0.021588200000000002,0.014369299999999998,0.711002
0.08359130000000001,0.065653,0.405329,0.00444497,0.010439299999999999,-0.00872479,0.035852300000000004,0.00853557,-0.00708167,0.717444,-0.0541211,0.0732227,0.378848,-0.0384949,0.081015,-0.00526898,-0.865082,-0.558908,0.114068,-0.23385300000000003,-0.08853630000000001,0.00305838,0.0361214,-0.015449000000000001,0.0330651,0.000790864,-1.01867,-0.5210520000000001,0.0599559,-0.231386,0.08725939999999999,-0.00365127,0.044005300000000004,-3.41794e-05,0.00140642,-0.00235868,0.0399875,0.0260092,-0.00522195,0.71717
0.086911,0.0668242,0.40321799999999997,0.0185468,-0.00516773,-0.00362924,0.00178204,-0.027385200000000002,0.0469144,0.71401,-0.0962716,0.0960272,0.401392,0.021794,-0.098225,-0.0654188,0.742654,0.236839,-0.289013,-0.27045,-0.106243,0.0154114,0.0457886,0.00671731,-0.0461058,-0.0251353,0.7555569999999999,0.274928,-0.44198999999999994,-0.27558499999999997,0.0883182,-0.00305897,0.042833300000000005,0.00690281,-0.00175654,-0.000910435,0.017744,0.18473599999999998,0.0852968,0.712929
0.08851060000000001,0.0723483,0.39519299999999996,-0.000844763,-0.000857801,0.000219804,-0.0418586,0.0150969,0.0174937,0.7118899999999999,-0.09592300000000001,0.100375,0.396794,0.00543834,-0.0229825,-0.0267619,0.054956700000000004,0.0117848,0.021347099999999997,-0.276511,-0.103925,0.0122685,0.0415789,-9.24901e-05,0.0009428430000000001,0.000241412,-0.00353737,-0.00282845,0.00842288,-0.270163,0.08888639999999999,-0.00171721,0.0407767,3.4288e-05,-1.93323e-05,2.8667e-05,0.000648535,-0.000699858,0.000580204,0.711511
0.08953789999999999,0.0732554,0.39558000000000004,0.00139279,0.00582857,0.00370576,-0.021878400000000003,0.0009164560000000001,-0.00576925,0.713684,-0.0596068,0.012742700000000001,0.312824,-0.0237752,0.00844764,0.00573223,0.0087402,-2.90094e-05,0.05500650000000001,-0.280333,-0.10392699999999999,0.012253700000000001,0.0415859,-4.647e-06,6.88412e-05,-2.48445e-05,-0.0006885960000000001,0.00018632299999999998,0.0006795010000000001,-0.27018200000000003,0.0888887,-0.00171761,0.0407828,2.4139099999999997e-05,-6.47315e-05,6.30399e-05,0.000388192,0.000301582,0.000609831,0.7116359999999999
0.08962060000000001,0.073653,0.395543,0.000178506,0.000132184,-0.000365141,-0.00515063,0.00554863,-0.00725829,0.715188,-0.0808802,0.0606446,0.350317,0.0020207999999999997,0.026310400000000005,0.035714300000000004,-0.11384200000000001,0.218072,0.270933,-0.35052300000000003,-0.11151099999999999,0.0296255,0.05576709999999999,-0.00108065,0.014974600000000001,0.0111399,-0.131674,0.482202,0.366161,-0.345875,0.08894780000000001,-0.00163068,0.0408824,-9.69212e-05,2.2095700000000003e-05,-0.000126039,0.00404558,-0.017473699999999998,-0.00437248,0.714508
0.089352,0.0724253,0.39643,-0.000182678,-9.42798e-05,-4.59009e-05,-3.54049e-05,-0.000602209,0.000790766,0.7166399999999999,-0.07623289999999999,0.08298960000000001,0.373981,0.00978396,0.00628483,0.0214515,-0.0468265,-0.032872000000000005,0.0553366,-0.425097,-0.10978199999999999,0.038928199999999996,0.0654214,0.00614048,0.0006767569999999999,0.00889797,-0.0680172,-0.0364033,0.054792499999999994,-0.42363,0.0889311,-0.00195444,0.041158999999999994,-0.000113145,0.000106601,-0.00017150599999999998,-0.000633318,-0.00199848,0.000501079,0.715468
0.089413,0.07225269999999999,0.39568600000000004,-0.00022983299999999998,0.000286729,-0.00213814,0.0057551,-0.00142584,-0.000763573,0.7155279999999999,-0.0795946,0.08844830000000001,0.38521,-0.00372811,0.000604036,0.0133528,-0.011060200000000001,-0.059490499999999995,-0.0477138,-0.41652799999999995,-0.11090499999999999,0.0409384,0.0699003,-0.00098444,-0.00121116,0.0051843,0.00673199,-0.0384457,-0.0232606,-0.416315,0.0889076,-0.00206624,0.041069,-0.00015376299999999998,-2.76852e-05,-0.000452425,0.00340443,0.00251967,0.0009164539999999999,0.715005
0.0898695,0.0736373,0.39414499999999997,0.00345273,0.00516353,-0.00454993,0.0180851,-0.00919799,0.00557721,0.71237,-0.0845823,0.0903944,0.376538,-0.0488291,0.00238411,-0.0919756,-0.00366091,1.2144700000000002,0.45675699999999997,-0.40171799999999996,-0.11253099999999999,0.0412451,0.0679414,-0.0181555,0.00242655,-0.0336181,0.423962,1.4114,0.678294,-0.395978,0.08889470000000001,-0.00183582,0.040582599999999996,0.0006618939999999999,0.00119861,-0.00133719,0.0037941000000000003,-0.051534300000000005,-0.021418799999999998,0.7129479999999999
0.0907304,0.0739924,0.395821,-0.000261554,-0.000782468,0.000548289,0.149231,0.0638954,-0.0314829,0.7093109999999999,-0.027128500000000003,0.029157299999999997,0.322681,0.115624,-0.147305,0.0288517,0.795912,-0.390038,-0.5907359999999999,-0.151079,-0.0912385,0.020065299999999998,0.045109500000000004,0.0422668,-0.0640009,0.016711900000000002,0.716381,-0.47751099999999996,-0.635731,-0.15731900000000001,0.0892514,-0.00162424,0.0406868,0.00055512,-0.0009417189999999999,0.00175106,-0.0131461,-0.00541138,0.013356100000000001,0.7078770000000001
0.0911671,0.07406080000000001,0.39581900000000003,4.70137e-05,0.000220413,-4.10839e-05,0.0165912,0.0064554,-0.00307997,0.7084229999999999,0.00790578,-0.049078,0.335306,0.00923743,-0.0656158,0.0182612,-0.147566,0.0565308,-0.316336,-0.00958786,-0.0759797,-0.0120568,0.0498854,0.00122557,-0.0334966,0.00403812,0.172459,-0.0527822,-0.146592,-0.0122386,0.08931139999999999,-0.00164031,0.0407771,3.7891799999999995e-05,-4.994939999999999e-05,7.412300000000001e-05,-7.819979999999999e-05,0.00227171,0.000537942,0.707183
0.09160599999999999,0.0743467,0.395459,-0.000355771,-0.0007092239999999999,-0.000357756,5.27117e-05,0.0013915,-0.00202636,0.7080609999999999,0.028487400000000003,-0.0596861,0.36027,0.00467072,0.0413232,0.039466,-0.24971300000000002,0.193745,-0.124838,-0.132628,-0.0679498,-0.0185375,0.0594898,0.0021781999999999995,0.0239739,0.0232358,-0.642058,0.07985419999999999,-0.24029699999999998,-0.130475,0.0895278,-0.00158992,0.0407076,6.714109999999999e-05,-8.18707e-05,0.000115625,-0.00274963,0.013899700000000001,0.00450569,0.707016
0.09178,0.0749717,0.394708,-0.000345775,-0.000624485,-0.000500433,0.00048222699999999995,0.000353222,-0.000777496,0.7072470000000001,0.021079499999999998,-0.0514128,0.357731,0.00304444,-0.0091856,0.011750799999999999,-0.042304400000000006,-0.0206502,-0.0284332,0.010289200000000002,-0.0709768,-0.0143524,0.0589365,0.00130864,5.79137e-05,0.00149144,-0.00408266,-0.00398621,0.00170523,0.00841148,0.0896567,-0.00141712,0.040542800000000004,-1.81098e-05,4.06571e-06,-7.229239999999999e-05,0.000102074,0.000239825,0.00040983199999999995,0.706784
0.0917358,0.0749523,0.39466799999999996,4.50769e-06,7.05848e-05,-8.940129999999999e-05,0.000300185,-0.00048804699999999997,0.000534183,0.706483,0.022415099999999997,-0.061275800000000005,0.368782,-0.00136051,-0.00542025,0.00404421,0.054610900000000004,-0.0328784,0.08931030000000001,-0.0425681,-0.07032519999999999,-0.018062400000000003,0.063283,-0.000471031,-0.00322043,0.0007146510000000001,-0.00553845,0.00306651,-0.0168273,-0.0418243,0.0896547,-0.00140666,0.0405274,3.61571e-05,-2.08513e-05,-2.0631599999999997e-05,-0.00092329,-0.0006350559999999999,0.00109397,0.7060489999999999
0.062704,0.0646478,0.386642,-0.0616297,-0.00578095,-0.00835055,-0.480905,-0.0464713,-0.06972339999999999,0.721485,0.0194474,-0.0356091,0.335161,0.021913099999999998,-0.0188236,-0.0343979,-0.028163099999999996,0.017154,0.046230900000000005,-0.126675,-0.07222150000000001,-0.00806311,0.051450300000000004,0.00750115,-0.00541485,-0.010017100000000001,0.04938680000000001,0.019228400000000003,0.0370404,-0.127156,0.07892389999999999,-0.00480173,0.0377649,-0.025366200000000002,-0.00288237,-0.00605395,-0.47636000000000006,-0.00985755,0.0157276,0.719982
0.050024900000000004,0.059562300000000006,0.387619,-0.00132496,-0.00826305,0.0026652,-0.20649499999999998,0.00287568,-0.00601377,0.803747,0.0316027,-0.0316752,0.310235,0.00273197,0.00442983,-0.015119299999999999,-0.00710078,0.0760755,0.0384911,-0.133466,-0.0670224,-0.00680526,0.041523000000000004,0.00229199,0.00047925,-0.00717554,0.062307400000000006,0.088298,-0.00305392,-0.133471,0.0733933,-0.00736585,0.03780069999999999,-0.00362638,0.00182562,0.0021899000000000003,4.35799e-05,0.0123225,-0.028599700000000002,0.80409
0.0622095,0.0640664,0.389544,0.010717299999999999,0.023360299999999997,-0.010201799999999999,0.0396394,0.012269,-0.07043560000000001,0.814552,0.0207204,-0.025886799999999998,0.303548,-0.0008836580000000001,-0.00722987,0.00403429,-0.0167334,-0.00157845,-0.011522,-0.129701,-0.0710079,-0.00418944,0.03790809999999999,-0.000541716,-0.00522053,0.00131593,0.0179614,-0.00878192,-0.029772800000000002,-0.129997,0.07777260000000001,-0.00589133,0.0386028,0.0071417,0.00523505,0.00222015,0.0481884,-0.149679,-0.0181282,0.814941
0.05234580000000001,0.0550774,0.385184,-0.029176799999999996,-0.0240702,0.0202675,0.18514,0.16683900000000002,-0.066954,0.687025,0.029602899999999998,-0.027721,0.31324,0.0136885,0.00587972,0.0037736,0.0171947,-0.00438044,0.023014700000000003,-0.12905,-0.0678467,-0.00518837,0.041523199999999996,0.00605824,0.00019862799999999998,0.0015331,0.014089500000000001,0.000841822,0.00796872,-0.12786,0.0744335,-0.00855187,0.036474599999999996,-0.0127796,-0.012151200000000001,0.0134041,0.392554,0.115183,-0.0519234,0.686229
0.051393600000000005,0.05985599999999999,0.381485,0.00468418,0.070899,-0.049648199999999997,0.104301,-0.478034,-0.403401,0.684405,0.0229465,-0.0272264,0.310618,0.00517479,-0.028437099999999996,0.02609,-0.031236400000000004,-0.13426400000000002,-0.134745,-0.12304100000000001,-0.0702009,-0.00424494,0.040048,0.00256997,-0.0145364,0.012832,0.096214,-0.0887829,-0.08226119999999999,-0.122728,0.0737725,-0.00880678,0.0363842,-8.864860000000001e-05,0.033137,-0.030318,0.177645,-0.320295,-0.32955300000000004,0.689844
0.0445608,0.046454199999999994,0.395519,0.00574156,0.0188437,-0.00330962,0.0737765,0.0334151,0.115221,0.723745,0.021389599999999998,-0.0194502,0.299605,-0.021153099999999998,-0.0289958,0.00564756,-0.050743,0.0819232,-0.07762639999999998,-0.11145899999999999,-0.0706067,-0.00163101,0.0365704,-0.00520068,0.000592286,-0.00112218,-0.018811900000000003,0.00226528,-0.0122206,-0.113452,0.0710298,-0.0121926,0.0407644,0.0033246,-0.00895577,0.00859702,0.0164209,0.0466052,0.0726683,0.723745
0.0424017,0.053873300000000006,0.389447,-0.015665600000000002,-0.024508500000000003,-0.0157366,0.188386,-0.0759916,0.129447,0.7218760000000001,0.016719099999999997,-0.026751099999999996,0.30047399999999996,0.0127228,0.029080400000000003,0.0229579,0.0187563,-0.0470767,0.0776775,-0.06994460000000001,-0.0729918,-0.0053408,0.036378,0.00490935,0.00825446,0.00656755,0.0412407,-0.011662700000000002,0.0451225,-0.0687467,0.07046419999999999,-0.008899500000000001,0.0389163,-0.00678763,-0.00918303,-0.00956751,0.0971841,-0.168054,0.155567,0.723621
0.0623434,0.05322040000000001,0.393737,0.071647,0.0395625,0.0248001,-0.164873,0.259909,-0.09513889999999998,0.738913,0.00213852,0.022804599999999998,0.307229,0.00729243,0.0503233,0.0618499,-0.12745,-0.0542813,0.0975738,-0.12233499999999999,-0.0785048,0.0140859,0.0387516,0.00124001,0.0228264,0.014431999999999999,0.18487,-0.022515,0.08962039999999999,-0.11843900000000002,0.0772552,-0.0103817,0.039301300000000004,0.028656599999999997,0.010893799999999999,0.0121505,-0.156245,0.384305,0.0346625,0.735816
0.0750445,0.0628828,0.39556399999999997,0.00613141,0.0009264119999999999,-0.00287596,0.0107372,-0.00776298,0.020008599999999998,0.729489,-0.006913600000000001,0.0778479,0.366897,0.0417536,-0.00384982,0.022576,0.028254900000000003,-0.702852,-0.612888,-0.351101,-0.0824947,0.037029,0.0630049,0.0166808,0.0022140999999999997,0.010503,0.132491,-0.82419,-0.465951,-0.355677,0.0829271,-0.00620976,0.0409484,0.00244003,0.000580119,-0.00186457,-0.00299569,0.005056000000000001,-0.00170455,0.728029
0.07743810000000001,0.0656338,0.39215700000000003,0.000507858,0.00135097,0.0008945960000000001,-0.00621238,0.00572795,-0.00680289,0.727643,-0.00398519,0.0736467,0.392219,0.00184085,-0.00579435,0.00619854,-0.026592900000000003,-0.0322387,-0.043923699999999996,-0.26319699999999996,-0.080847,0.035356,0.0728628,0.000674621,-0.00032272,0.000874311,0.00984335,-0.00897204,0.00325299,-0.264192,0.08392630000000001,-0.00527032,0.0394961,8.97329e-06,0.00043825099999999996,-1.79367e-05,-0.00061153,-0.000577851,-0.00328063,0.726251
0.07847080000000001,0.06722410000000001,0.390571,0.00272373,0.00258534,-0.00238795,0.00918122,-0.00692744,0.00594451,0.726223,-0.00457153,0.0670158,0.400681,-0.00184034,-0.00923002,0.00401007,0.0878485,0.0321783,-0.0621424,-0.241344,-0.081028,0.0331152,0.07631610000000001,-5.3730399999999996e-05,-0.00411298,0.00151394,0.321792,0.117836,-0.0707971,-0.24280900000000002,0.0843187,-0.00474604,0.0389499,0.000789905,0.0009212910000000001,-0.000863313,-0.0179077,-0.00780118,-0.00220492,0.725527
0.0799318,0.0690012,0.390391,0.00278521,0.00504409,0.00280494,-0.0063645,0.00654941,-0.00746415,0.726709,-0.00961199,0.0770119,0.398532,-0.00734932,-0.0287401,0.00111365,-0.0582956,0.0645977,-0.0429138,-0.236607,-0.0828878,0.036901199999999995,0.07569980000000001,-0.00166548,-0.00444212,-0.00038349300000000005,-0.00101623,0.0007757310000000001,-0.0233304,-0.23730300000000001,0.0848613,-0.00399193,0.03868819999999999,0.000553355,0.0012476,0.000538126,-0.00933302,0.016800700000000002,-0.014169399999999999,0.725267
0.0854292,0.079473,0.39214,0.00166427,0.010493500000000001,-0.000989711,0.183835,0.053487,-0.05285259999999999,0.711344,-0.0460161,0.050569300000000005,0.386237,0.0186665,-0.0147989,-0.00934691,1.1861899999999999,0.00191693,0.744254,-0.260981,-0.0977023,0.026045699999999998,0.0710716,0.00200919,-0.00797109,-0.00363056,0.873476,-0.418879,0.769766,-0.254083,0.0871428,-9.44299e-05,0.0394544,0.000802615,0.00390302,0.000396761,0.0836285,0.08103719999999999,-0.101248,0.711703
0.0822237,0.089474,0.346167,-0.05192240000000001,-0.0127209,-0.030116000000000004,0.692891,-0.51022,0.00558781,0.639151,-0.012683499999999999,0.049702300000000005,0.309151,0.024177,0.013201599999999999,-0.0292099,1.7343099999999998,-0.9520200000000001,-0.190905,-0.413191,-0.084691,0.0247023,0.0410449,0.011356299999999998,-0.0261459,-0.010032600000000001,4.36618,-2.26571,-1.53674,-0.402901,0.08655750000000001,0.00399986,0.021871500000000002,-0.0225123,-0.004016,-0.010614499999999999,0.561778,-0.639636,-0.188998,0.6445310000000001
0.0826102,0.0995673,0.37146999999999997,0.013700299999999999,0.0011086,0.019438499999999997,-0.08917649999999999,0.237907,-0.239144,0.7553,0.020061000000000002,-0.00237032,0.293678,0.0601544,-0.0838073,-0.013296,0.175016,-0.548354,-0.395687,-0.036992500000000005,-0.0719941,0.00587864,0.0347171,0.0234888,-0.0293365,-0.0079682,0.41696300000000003,-0.496717,-0.514985,-0.0430033,0.08580689999999999,0.00823759,0.0308527,0.00669557,-0.000800391,0.007942,0.0485445,0.262481,-0.0861924,0.756612
0.0877747,0.10171000000000001,0.380137,0.000348545,0.0019652999999999997,0.00119278,-0.000297143,0.00042492699999999997,0.00608865,0.7535850000000001,0.0332428,-0.059849599999999996,0.314267,0.0309526,-0.059277300000000005,0.060995900000000006,-0.0773626,-0.23041,0.0966992,-0.24896,-0.06626010000000002,-0.0166428,0.0409762,0.00895416,-0.0146237,0.0289687,0.00845849,-0.04586319999999999,-0.034700999999999996,-0.24888400000000002,0.08798560000000001,0.00911819,0.0344296,0.000189441,-0.00034290300000000003,0.000661122,0.00728245,0.019377000000000002,0.000645893,0.753826
0.0876257,0.101991,0.380304,-0.0005924,-0.000122039,-2.74213e-05,-0.00291902,-0.019338,-0.0198018,0.7493489999999999,0.0524461,-0.07130700000000001,0.344573,-0.022056299999999997,-0.017784900000000003,0.0243524,-0.138467,0.06124400000000001,-0.172006,-0.12981700000000002,-0.0581813,-0.0220352,0.053283500000000004,-0.00459149,-0.00184212,0.011646799999999999,-0.060651800000000006,-0.07253889999999999,-0.0357416,-0.130132,0.08800960000000001,0.00927663,0.0345452,-0.00030998099999999997,0.000943279,-0.0006868610000000001,-0.0113455,-0.18579500000000002,-0.0318904,0.750992
0.08755510000000001,0.102072,0.380243,-0.000402259,0.00103844,-0.0012187,0.00367876,-0.00780289,-0.00659353,0.747575,0.05136469999999999,-0.0748988,0.352716,-0.00178367,-0.00336918,0.00493308,0.011756,0.00230912,0.0259466,-0.230715,-0.0588492,-0.023710299999999997,0.056945,-0.000884398,-0.00123205,0.00237648,0.00849859,-0.012638799999999999,0.0015657,-0.228857,0.0880212,0.00924605,0.0346352,-2.25861e-05,6.93847e-06,-6.692550000000001e-05,0.00030578,-0.00391395,0.000406121,0.7496010000000001
0.08771260000000002,0.102479,0.380089,2.79908e-05,0.000431183,0.000222639,-2.19315e-05,-9.61426e-05,2.15059e-05,0.746501,0.0485028,-0.06812910000000001,0.34163000000000004,-0.013675299999999998,0.0616294,-0.0446634,0.147221,0.20160999999999998,0.07909630000000001,-0.230173,-0.059929199999999995,-0.0222612,0.053826,-0.00205299,0.017888099999999997,-0.025352700000000002,0.112578,0.161656,0.050534800000000005,-0.23015700000000003,0.0880306,0.00933725,0.0346092,-1.22425e-05,7.67567e-05,-1.9565599999999998e-05,-0.00207572,-1.08749e-06,-6.322680000000001e-05,0.748592
0.0873193,0.102313,0.380504,-0.000383347,-0.000103002,-4.7033900000000004e-05,5.96039e-06,0.000598518,-0.000997428,0.745682,0.05689690000000001,-0.0653838,0.35754400000000003,0.000749885,-0.03653769999999999,0.017066099999999997,-0.0333489,0.000949775,0.0792828,-0.177797,-0.056752699999999996,-0.0195519,0.05881,0.00319976,-0.00651782,0.00508588,0.0441384,0.031945999999999995,-0.00990037,-0.177311,0.088001,0.00936481,0.03463959999999999,-0.00013126200000000002,-5.85733e-07,-7.4387e-05,0.00220997,-0.000928042,0.000148059,0.7474109999999999
0.0871513,0.102155,0.382706,0.00033198,-0.000496668,0.00403004,-0.011475,0.00203562,0.00281086,0.746736,0.0482189,-0.077706,0.356943,0.000495271,0.00574597,-0.014049700000000002,0.057212599999999995,0.0957175,0.032093,-0.17616600000000002,-0.059983100000000004,-0.024938,0.0594135,0.00118451,0.00162732,-0.00212949,-0.00351024,0.129215,0.0431465,-0.17616800000000002,0.08795839999999999,0.0093217,0.0352975,9.00175e-05,-0.000351433,0.00166769,-0.0100512,-0.0305393,0.00152925,0.7481359999999999
0.0872586,0.10195,0.384785,-0.00233741,2.2388499999999997e-05,6.04427e-05,5.02533e-05,0.00421048,-0.00696414,0.748023,0.0463493,-0.0758404,0.343379,0.00723391,0.00596063,-0.007053,-0.0290019,0.14119,0.08758710000000001,-0.115222,-0.061151,-0.0244083,0.053982,0.00107967,0.00389477,-0.000733116,-0.0547797,0.0190862,0.028124700000000002,-0.11553,0.0880632,0.00920667,0.0362403,-4.96191e-05,-7.80469e-05,2.7755e-05,0.00395233,0.00189648,0.000772078,0.749849
0.0869732,0.10077,0.386791,-0.00255028,0.00044044900000000004,0.000514272,2.87406e-05,0.00464884,-0.007611199999999999,0.749689,0.035828,-0.021933599999999998,0.315397,0.0107357,-0.0668471,-0.0190647,-0.396568,0.221092,-0.216935,-0.19331900000000002,-0.0650765,-0.000410889,0.0424884,0.00710757,0.000397547,-0.00651806,-0.0127309,0.0479106,0.0164622,-0.199152,0.08785180000000001,0.00878027,0.0370487,-0.000128368,-0.00010326799999999999,0.000134425,2.7039099999999995e-06,-0.00178649,-0.00010210799999999999,0.75102
0.08632360000000001,0.101438,0.384993,-0.00340542,0.0006557210000000001,0.00036323599999999996,7.18555e-05,0.00515796,-0.00913251,0.747562,-0.0068358,0.0367436,0.360427,-0.06868980000000001,0.0866768,0.10585399999999999,-0.022620599999999998,-0.0692362,0.025397299999999998,-0.18748499999999998,-0.06693989999999998,-0.00383961,0.04104240000000001,4.59825e-05,-0.000244901,-3.0501300000000002e-05,0.00195025,0.000728369,-0.00174425,-0.16816199999999998,0.0878302,0.00880569,0.03702419999999999,2.98621e-05,-2.49685e-06,6.10671e-05,-0.00213212,-2.81375e-05,0.000672666,0.7510399999999999
0.0862235,0.101703,0.38591,-0.000182482,0.00163794,0.0008484780000000001,0.000192105,0.0049177,-0.00663112,0.747758,-0.0239627,0.036878100000000004,0.365609,0.014945600000000002,-0.055999099999999996,-0.0362065,-0.6401060000000001,-1.43449,-0.32463800000000004,-0.182831,-0.06708739999999999,-0.00509279,0.0406232,-0.00035173,-0.026820599999999997,-0.0113215,-0.86674,-1.6174,-0.144749,-0.18646400000000002,0.08788560000000001,0.00871935,0.03702709999999999,0.000322129,-0.00024238099999999998,0.00022594799999999999,-0.00156833,0.00742133,-0.00181036,0.7490319999999999
0.0863255,0.10241900000000001,0.386336,-0.000151851,0.00103196,-0.0006804669999999999,0.00316231,-0.000657143,-0.000978106,0.747793,-0.00768946,-0.0147346,0.377271,0.0244824,-0.015062200000000001,0.029256,0.561547,-1.24617,1.0924,-0.257876,-0.06034199999999999,-0.026844099999999996,0.0429194,0.010991899999999999,-0.00322609,0.0137606,0.805905,-1.18305,1.48054,-0.24737800000000001,0.08793610000000002,0.00871445,0.03719,2.6089299999999998e-05,9.469030000000001e-05,-2.4873900000000003e-06,-0.000922228,-0.00157433,-0.000501189,0.749451
0.0861513,0.103749,0.384442,-0.00021103799999999998,-2.5455799999999998e-05,-0.00337186,0.00754304,-0.011385700000000002,-0.013166999999999998,0.739151,0.00299383,-0.0185365,0.392842,0.0183125,0.011511200000000001,0.00772421,-0.0784912,0.00624905,-0.013263200000000001,-0.345995,-0.0561476,-0.0287022,0.0496327,0.0055945,0.00633261,0.00725367,-0.248825,-0.09446339999999999,0.100596,-0.346294,0.08785549999999999,0.00907066,0.0367336,-0.000273343,0.0010317,-0.00156075,0.0327823,-0.0993057,-0.036367199999999995,0.742333
0.0860682,0.10439200000000001,0.38353200000000004,9.30958e-05,-0.000284488,-0.000143632,-0.000763091,-0.0049924999999999995,-0.00534119,0.735798,0.00596726,-0.0277769,0.397405,-0.025302099999999998,0.0642073,-0.0488499,0.0945303,0.122347,-0.0502629,-0.21907600000000002,-0.054557900000000006,-0.0328802,0.052635900000000006,-0.0138786,0.0100256,-0.00855818,0.0900422,-0.000106189,0.0686174,-0.219667,0.0878196,0.00930726,0.0363449,-3.10032e-05,-4.81822e-05,-8.43101e-05,-0.00305639,9.15151e-05,0.0013005,0.738835
0.08613480000000001,0.10353699999999999,0.38401599999999997,0.00125451,-0.00201325,-0.000987538,1.37142e-05,-0.00124919,0.00307596,0.736146,-0.041705,0.0551369,0.352015,-0.065938,0.0779683,0.0141435,-0.565475,0.790852,1.30962,-0.342395,-0.07331950000000001,-0.000486285,0.0339596,-0.0201047,0.028732900000000002,0.000235866,-0.335597,0.710152,1.1901,-0.330594,0.0878362,0.00924215,0.0364296,5.6588699999999996e-05,-0.000150285,0.00011319100000000001,-0.00409836,0.0042338,0.000967443,0.738476
0.086201,0.10359700000000001,0.38381,-0.000271281,6.639390000000001e-05,-0.000525297,0.0015628,0.0006469630000000001,-0.00167994,0.7359939999999999,-0.0628423,0.0524465,0.382739,0.03325619999999999,0.0156359,0.036386699999999994,-0.0137535,-0.013755600000000002,0.0559886,-0.549955,-0.0824964,-0.000603669,0.045511699999999995,0.016495,0.00191746,0.010197399999999999,-0.00416167,0.0285707,-0.00371707,-0.549037,0.08785789999999999,0.00924056,0.0364077,1.53975e-05,7.96163e-05,-2.50094e-05,-0.00120999,-0.0005500980000000001,-0.00040001,0.738532
0.0860941,0.103756,0.382581,-0.00039062099999999996,0.00141057,-0.00261274,0.00877526,-0.00296624,-0.0009471260000000001,0.734346,-0.0689398,0.0566913,0.39377399999999996,-0.0135092,-0.00162338,0.00589551,0.0237201,-0.109234,-0.11276099999999999,-0.53399,-0.0843715,0.00169649,0.0502584,-0.0018204999999999999,-0.00178553,0.00169551,0.00441054,0.00552385,-0.10505999999999999,-0.534684,0.0878672,0.00929546,0.0361806,5.27829e-05,0.000406136,-0.000895463,0.00751803,-0.0121265,-0.00692859,0.7380909999999999
0.0862996,0.104407,0.380175,1.0973800000000002e-05,-0.0005703759999999999,-0.00178309,0.00255733,-0.0106735,-0.00937483,0.731009,-0.0715906,0.0544466,0.399525,-0.0010176,0.00222759,0.00307147,0.011747,-0.0440946,-0.020493400000000002,-0.527488,-0.0856836,0.000605396,0.0524644,-0.000168787,-0.000626268,0.00117892,-0.00526226,-0.054386699999999996,-0.00655328,-0.5277649999999999,0.08792660000000001,0.00968477,0.0352709,-7.81301e-05,0.000120104,-0.0009122739999999999,0.0131465,-0.00767989,-0.00536525,0.734378
0.0862428,0.104699,0.379302,0.000123156,0.0010381,-0.00212547,0.00565942,-0.011885,-0.00735948,0.726372,-0.07106900000000001,0.054107100000000005,0.402751,-0.00707195,-0.00444482,-0.00247981,-0.0413491,-0.0507205,-0.111949,-0.5006430000000001,-0.0853428,0.000529828,0.053956,-0.0033408,-0.00041456800000000003,-0.00121857,0.00342275,-0.000184035,-0.00857111,-0.5016470000000001,0.0878976,0.00981825,0.0349565,1.8921e-05,2.46459e-05,-0.000187475,-0.013234399999999999,-0.00319845,0.00129963,0.729785
0.08649689999999999,0.104923,0.377942,-5.96628e-06,5.21566e-05,-0.00020523099999999997,-0.00186982,-0.017181599999999998,-0.014677200000000001,0.721787,-0.070999,0.0548803,0.4003,-0.013944299999999998,0.0140623,-0.013331299999999999,0.109258,0.0486086,-0.059930399999999995,-0.46700600000000003,-0.0854375,0.00024068400000000002,0.053497199999999995,-0.00580732,0.00429609,-0.00607069,0.0395555,0.0580809,-0.0467018,-0.466909,0.0880278,0.00997105,0.034440899999999997,-9.71986e-06,-6.53899e-05,-0.000138367,-0.00199378,-0.00129665,0.0014725,0.725282
0.086033,0.10290899999999999,0.38050900000000004,0.00019084200000000001,0.00136477,-0.00112687,0.0117999,0.0445756,0.043548199999999995,0.7288279999999999,-0.05302949999999999,0.0597576,0.334961,0.07650230000000001,-0.0543006,-0.044492000000000004,-0.239202,-1.18298,-2.03842,-0.193987,-0.0794431,0.00278139,0.0290375,0.0338577,-0.0206585,-0.0242665,-0.11960599999999999,-1.4346299999999998,-1.9059700000000002,-0.208123,0.0880739,0.00937962,0.035159699999999995,9.5579e-06,-0.000808192,0.000350176,0.00348137,0.00889104,0.012758,0.7303890000000001
0.08738860000000001,0.103219,0.380096,0.000121544,0.000275312,-0.00038444,0.00243084,0.007003499999999999,0.00560456,0.727916,-0.030411,-0.00151832,0.355881,-0.0159053,-0.00968112,-0.00759595,0.196899,-0.694274,-0.332275,-0.301115,-0.0689679,-0.021168700000000002,0.0352966,-0.00555235,0.00346504,-0.00755342,0.549128,-0.694806,-0.0491232,-0.305312,0.0883015,0.00937734,0.03504790000000001,3.4443e-05,-8.17741e-05,0.000125887,0.000951067,0.0008850269999999999,0.00408737,0.729492
0.0875594,0.10356900000000001,0.379637,-0.00029224,-8.16058e-05,3.76025e-05,-0.00010712200000000001,0.0015998,-0.00204431,0.727524,-0.0419351,-0.0122846,0.386484,-0.0475543,-0.0261186,0.0164637,0.016590999999999998,0.130243,-0.132715,-0.171337,-0.0732336,-0.0250846,0.0473682,-0.0246761,-0.0165545,0.010090100000000001,-0.0947852,0.00979601,-0.164899,-0.170723,0.08838610000000001,0.00945119,0.0349083,-1.0168e-05,6.76043e-05,-0.000117649,-0.00201671,-0.00194358,-0.000202835,0.729191
0.08772139999999999,0.103755,0.379189,0.000153112,-0.000191632,-0.000312822,0.000587233,-0.000175986,0.000153547,0.727213,-0.0449831,-0.021762599999999997,0.404528,-0.0259892,-0.0104426,-0.00146502,0.0397791,-0.23216799999999999,0.304253,-0.229425,-0.0746724,-0.029269099999999996,0.0547226,-0.00787339,-0.00450539,-0.00218668,0.033135500000000005,-0.284612,0.511299,-0.22628600000000001,0.0884558,0.00951411,0.0347532,2.02404e-05,-1.68935e-05,6.95886e-05,-0.000362577,0.00179683,-0.000811172,0.728792
0.0878089,0.103878,0.379498,-0.0009013239999999999,-0.00117572,0.00172131,-0.00603207,0.00417396,-0.00282342,0.727337,-0.0492403,-0.0104171,0.39561,0.0138799,0.10798800000000001,-0.069702,0.183098,0.408925,0.637744,-0.215621,-0.0774762,-0.027096,0.0527178,0.012401299999999999,0.0345337,-0.036245099999999995,0.23248400000000002,0.181621,1.12526,-0.20574699999999999,0.0885031,0.00951892,0.0347505,3.79156e-05,6.627010000000001e-05,0.00010439,-0.0006953269999999999,-0.000320821,0.000344001,0.728725
0.0873678,0.103101,0.380596,0.000617986,-2.2455e-05,-2.1850999999999998e-05,0.09615549999999999,-0.21361799999999997,-0.00188151,0.690808,-0.0459406,0.013922299999999999,0.37595700000000004,-0.010676600000000001,0.0345412,-0.0584999,-0.262734,1.50916,1.47756,-0.44022799999999995,-0.07550470000000001,-0.0155558,0.044396899999999996,0.000433477,0.0102568,-0.0124241,-0.022709599999999996,1.47164,2.12669,-0.43733999999999995,0.08845700000000001,0.00932563,0.0350286,-0.000120067,0.000531909,-0.00035608,0.0730007,-0.076593,-0.0540073,0.693386
0.0888905,0.10041599999999999,0.380835,3.88139e-05,1.45513e-05,-0.000206325,0.00431095,-0.024293900000000004,0.011362700000000002,0.630624,-0.0170639,0.00381995,0.319852,-0.019620099999999998,-0.060976699999999995,0.11080799999999999,0.193186,-0.248441,-0.126229,-0.476753,-0.0638269,-0.018432900000000002,0.0193643,-0.00430968,-0.0263863,0.049535199999999995,0.0264541,-0.35217,-0.178787,-0.48932200000000003,0.0889383,0.008381999999999999,0.0353037,-1.75318e-05,0.00011479200000000001,-0.000215707,-0.000660755,-0.000926595,-0.00113864,0.630653
0.089117,0.100515,0.380797,0.00016922900000000002,0.00129269,0.000813119,-0.0005612,-0.0017,0.00202317,0.630605,-0.028863,-0.0245873,0.369757,0.00441938,-0.00661937,0.0311823,0.120066,-0.329433,0.675353,-0.46081099999999997,-0.068781,-0.030682099999999997,0.0404097,-0.00173522,-0.00157152,0.0123833,0.0229909,-0.190864,0.500222,-0.451205,0.08899939999999999,0.00838014,0.0352688,7.49285e-05,2.02057e-07,4.49437e-05,-5.45552e-05,0.00122164,-0.000245085,0.630726
0.09013310000000001,0.101297,0.381077,0.00138124,0.00215412,-0.00019595099999999998,0.00323055,-0.00422125,0.00424928,0.628742,-0.023152900000000004,-0.0415221,0.385973,0.00482379,0.00038825,0.006453399999999999,0.0149327,0.151686,-0.133523,-0.42339399999999994,-0.06646200000000001,-0.0372624,0.0473109,0.00307014,-0.0015172,0.00142771,-0.0624327,-0.059768499999999995,-0.18171400000000001,-0.42898500000000006,0.089327,0.00847847,0.0352355,0.000619537,0.000298384,-0.000132339,-0.0007969510000000001,-0.00345854,0.00036285699999999996,0.629179
0.09144010000000001,0.102358,0.38150100000000003,-5.4526499999999994e-05,-0.00013153200000000001,-6.55975e-05,6.511180000000001e-05,0.000879035,-0.00107476,0.6279520000000001,-0.024485299999999998,-0.0213927,0.370892,-0.0111868,0.08597669999999999,-0.0612543,0.236373,0.144261,0.0615879,-0.36264,-0.06693869999999999,-0.0311286,0.0423256,-0.00237101,0.0373526,-0.0274731,0.408567,-0.0617927,0.0668466,-0.36645500000000003,0.0898443,0.00882359,0.0353103,4.1178e-06,9.628439999999999e-06,-3.4787000000000003e-06,-0.00162032,0.00203989,0.00241771,0.6281909999999999
0.0903763,0.101962,0.381858,-0.000264655,0.000180032,0.00033485199999999996,-0.0007126010000000001,-0.000293794,0.000367698,0.627215,-0.020828,0.00050027,0.338402,0.0425756,-0.0750358,-0.11685599999999999,0.46526999999999996,-1.63473,-1.17351,-0.642001,-0.0660081,-0.019225799999999998,0.0305965,0.00720184,-0.03377,-0.0415011,0.378299,-1.22072,-1.30518,-0.650604,0.0896807,0.00881458,0.0353858,1.481e-05,1.88141e-05,-2.2953899999999997e-05,-0.00106143,-0.00284776,-0.00280219,0.627675
0.0908713,0.10008099999999999,0.383229,0.00214286,0.00089491,0.000411668,-0.00450969,-0.037946499999999994,-0.024316400000000002,0.6208779999999999,-0.023350599999999996,-0.05269159999999999,0.330068,-0.0193583,0.0110999,0.0617135,-0.150471,-0.964377,1.03596,0.738274,-0.0664444,-0.0423777,0.0241022,-0.00446444,0.011546299999999999,0.0273257,0.407073,-1.27244,0.0144507,0.733374,0.0898673,0.00812836,0.0361677,-0.000267678,0.000966009,-0.00131577,0.000482738,-0.00770064,-0.00645491,0.622386
0.0925602,0.10045499999999999,0.382173,0.00183039,0.00129235,-0.00302176,0.00964554,-0.00636008,0.00493943,0.619341,-0.034517400000000004,-0.045392699999999994,0.366772,-0.000954862,-0.00334626,0.011314,0.0247584,0.042914999999999995,-0.09335299999999999,0.829147,-0.0707547,-0.0390278,0.0395702,-0.0008282480000000001,-0.0018669000000000001,0.00220371,0.024645,0.0428551,-0.0431741,0.833415,0.090361,0.00816635,0.0358949,0.00029239,1.94213e-05,-0.00018051400000000003,0.0015222,-0.00313309,-0.00014713,0.62135
0.0934535,0.10109,0.381021,0.0007767739999999999,-4.57271e-05,0.00020250099999999998,-0.000613479,-0.000662429,0.00168005,0.6164890000000001,-0.0292523,-0.05777090000000001,0.377146,-0.000785552,-0.00160861,-0.00373231,0.11286700000000001,-0.0768696,-0.0839525,0.773087,-0.0688931,-0.0437098,0.043918900000000004,0.00032508200000000003,-0.000429455,-0.000549135,0.09614149999999999,-0.053635300000000004,-0.144998,0.77856,0.0907185,0.00837624,0.0354046,0.00017277299999999998,-6.19705e-05,-7.4656e-05,0.00154751,-0.000441455,-1.31996e-05,0.6184149999999999
0.0941001,0.101309,0.381168,-0.000241157,-0.00101107,-0.000236939,-0.000590167,0.00197761,-0.00205165,0.616644,-0.027399400000000004,-0.0207516,0.351925,0.00010721299999999999,-0.00189961,-0.0007773989999999999,-0.06052180000000001,0.052349400000000004,-0.0363615,0.75178,-0.06810210000000001,-0.0295993,0.0341088,0.000226291,0.0006770680000000001,-0.000930362,-0.0418567,0.0462796,-0.028694,0.757085,0.0909464,0.00842102,0.0353833,2.7167399999999997e-05,-0.000126658,-4.67617e-05,4.81856e-05,0.000878503,0.00134445,0.617909
0.09098010000000001,0.100422,0.381691,-0.00753947,-0.00738839,0.00585491,-0.40234000000000003,0.44809899999999997,0.286055,0.655203,-0.0203412,0.00540472,0.351704,0.0156172,0.0666937,-0.0015156,-0.646235,0.128674,0.470699,0.7775569999999999,-0.0654553,-0.020321400000000003,0.0338509,0.00673975,0.0254613,-0.012846799999999998,-0.527189,0.10510599999999999,0.29896100000000003,0.7703220000000001,0.0901671,0.00832464,0.035562699999999996,-0.00343785,-0.00141815,0.00195501,-0.530684,0.391137,0.279566,0.6495350000000001
0.0874028,0.09948560000000001,0.38316999999999996,-0.00104721,-0.000585912,0.00040840300000000005,-0.0123415,-0.0333754,-0.006232,0.663397,-0.020017300000000002,0.027489499999999997,0.343916,-0.00168024,0.000811223,0.0107363,-0.07193569999999999,-0.0237235,-0.0223633,0.768675,-0.06510740000000001,-0.010442700000000001,0.030462799999999998,-0.000159926,0.000140987,0.00187575,-0.045955,-0.027695499999999998,-0.0489171,0.7688619999999999,0.08866929999999999,0.00799748,0.0360521,-0.0006775630000000001,0.00012001700000000001,0.00021982900000000003,0.00239385,0.00037779400000000004,-0.00174883,0.6628569999999999
0.08729239999999999,0.09941389999999999,0.383221,0.000125998,6.45406e-05,-7.57892e-05,0.000272404,-0.00036644199999999997,0.00040861699999999995,0.663438,-0.017912599999999997,0.026708099999999995,0.343386,0.000160525,-0.00011915700000000001,0.00012875700000000001,-0.033417699999999995,-0.00414751,-0.0450944,0.744351,-0.0645088,-0.0107572,0.0306664,0.000150872,-0.000661748,-0.000341482,-0.147368,0.101983,-0.147576,0.747042,0.0885839,0.007996600000000001,0.0360938,0.00031413700000000003,-2.1523800000000002e-05,-0.000114586,0.00140356,-0.000993762,0.000309738,0.662934
0.08785269999999999,0.0997505,0.383116,3.92858e-05,0.000273526,-0.00103048,0.00306069,-0.00136003,0.000310365,0.6609550000000001,-0.0354742,0.026674299999999998,0.32806799999999997,-0.025861000000000002,-0.0194703,-0.000234196,0.626807,-0.7379939999999999,-0.673092,0.748279,-0.0711014,-0.0102206,0.0250047,-0.0130845,-0.015850200000000002,-0.00844568,0.718677,-0.8190609999999999,-0.599304,0.752109,0.0886483,0.00808954,0.0361149,4.263729999999999e-05,2.79744e-05,3.05189e-05,-0.0125125,0.00795064,0.00319669,0.660596
0.08884,0.100786,0.38251199999999996,0.00265359,0.00348764,-0.00299173,0.0113959,-0.015055,-0.00163871,0.65663,-0.0333284,-0.0007950219999999999,0.379234,-0.00999673,-0.00596336,0.0309025,-0.0989309,0.123551,-0.169232,-0.636251,-0.0701838,-0.0213523,0.0441589,-0.00578814,0.0005644819999999999,0.015382,-0.30398200000000003,0.00448267,-0.198076,-0.642432,0.0888937,0.00819442,0.035972699999999996,0.0005308859999999999,0.000631419,-0.00046088199999999997,-0.00884805,0.0031986000000000002,-0.0054256,0.657176
0.0894178,0.10178200000000001,0.38051999999999997,0.000289394,0.00197397,-0.00146694,0.00346768,-0.026043,-0.015518700000000002,0.641799,-0.0321562,-0.000250269,0.401508,0.0172847,0.00646811,0.00446051,-0.00739065,-0.015335900000000001,0.0535255,-0.6576810000000001,-0.07029919999999999,-0.0215336,0.0533275,0.00464395,0.00166827,0.00187518,0.16706600000000002,-0.280846,0.254757,-0.651414,0.08917380000000001,0.0086151,0.035320300000000006,-6.7917e-05,0.000242193,-0.000560559,0.10295499999999999,-0.0611756,-0.00591172,0.643992
0.0896846,0.103004,0.376191,0.000875024,0.00227268,-0.00575167,0.0157824,-0.0486775,-0.014232900000000001,0.6187630000000001,-0.037171699999999995,0.00074899,0.408045,0.00042600699999999995,-0.0118251,0.0141089,-0.027915600000000002,-0.09631110000000001,-0.11914200000000001,-0.651101,-0.0719822,-0.0205797,0.05577240000000001,-0.00237819,-0.00463177,0.00624943,0.0398845,-0.012259299999999999,-0.10386400000000001,-0.654413,0.0893178,0.00929093,0.0337814,0.000359974,0.000547589,-0.00189545,0.0459124,-0.0472336,-0.038916,0.621516
0.08945239999999999,0.102896,0.374127,-0.000178547,-1.80188e-05,5.63212e-05,-0.000320256,-0.0240785,0.00332162,0.609047,-0.0343793,0.00684639,0.400801,-0.00016157299999999998,0.0576803,-0.07436369999999999,0.032838400000000004,0.420074,0.362643,-0.68181,-0.071176,-0.0197886,0.054646600000000004,0.00086529,0.028685500000000003,-0.0312476,-0.00489544,0.482461,0.30443400000000004,-0.6791119999999999,0.08923760000000001,0.00933659,0.0328858,-6.6407e-05,0.0007813010000000001,-0.000365485,-0.0282449,-0.122222,-0.0701403,0.611784
0.08956560000000001,0.102797,0.374168,0.000940326,-0.000652261,-0.000289602,-0.00015606799999999998,-0.00127089,0.00253913,0.609035,-0.086672,0.0543659,0.34939899999999996,-0.0794883,-0.00891781,0.123802,-0.160884,-0.29490900000000003,-0.424879,0.695816,-0.0906536,0.000680602,0.030389199999999998,-0.031200400000000003,-0.00195737,0.045858800000000005,-0.117601,-0.210403,-0.24340100000000003,0.69606,0.0892587,0.00930198,0.0328665,3.99533e-05,1.39202e-05,-0.000211043,0.00233781,-0.0428614,0.014003100000000001,0.611334
0.0894901,0.102602,0.373879,-0.000409558,-0.00117802,-0.000747088,0.000433684,0.00168227,-0.00208314,0.6068680000000001,-0.123823,0.0684289,0.398017,-0.00312131,0.0171447,0.028914699999999998,-0.0721257,-0.03363630000000001,-0.024996200000000003,-0.672584,-0.106445,0.0056369,0.0515842,-0.000340755,0.00506124,0.00895188,-0.0446586,0.00374002,0.0255435,-0.6715899999999999,0.0892753,0.00924921,0.0327991,-0.000118643,-8.12985e-05,-0.000169672,-0.0080411,-0.00506572,0.00169729,0.6095729999999999
0.0892627,0.10246500000000001,0.37290700000000004,-0.00019597400000000002,-0.00012158799999999999,-0.000885171,0.00216947,-7.22525e-05,-0.000888562,0.604029,-0.125841,0.08335139999999999,0.426592,0.0143465,-0.00203605,0.0119414,0.0628462,0.0174946,0.00344793,-0.6524439999999999,-0.10762999999999999,0.0121775,0.0633523,0.00349735,-0.0036366999999999997,0.0069476,0.146012,0.0426139,0.0139048,-0.651404,0.0891745,0.00914797,0.032442200000000004,-5.41931e-05,0.000131752,-0.000266026,-0.00472565,-0.000939944,-0.00018798599999999999,0.606576
0.08908789999999998,0.102808,0.37100900000000003,-0.000582072,-0.000478878,-0.00226887,0.00250508,-0.0208393,-0.0208655,0.596405,-0.125136,0.0848959,0.432824,-0.0011511,-2.1215999999999998e-05,0.00380058,0.0363686,-0.0212493,-0.033206,-0.6438,-0.107097,0.012777,0.06597589999999999,-0.00166227,-0.00153181,0.00228088,0.0164118,-0.024779699999999998,-0.00564296,-0.647938,0.0890966,0.00930863,0.03171620000000001,5.51472e-05,0.000134845,-0.000501273,-0.030832299999999997,-0.040680900000000006,-0.015286700000000002,0.599178
0.0889782,0.10318699999999999,0.369721,-0.00039693800000000005,0.00043797300000000003,-0.00201912,0.00346536,-0.0190761,-0.017143799999999997,0.590167,-0.12133800000000002,0.0842318,0.43209200000000003,0.00282026,0.00585835,0.00235552,0.0459514,0.046138,-0.029280200000000003,-0.631887,-0.105833,0.0122238,0.0658156,0.00114711,0.00100915,-0.000103345,0.168197,0.189916,-0.0850175,-0.6318,0.0890503,0.00945207,0.031199400000000002,4.3748e-07,0.000253813,-0.000453952,-0.037091900000000004,-0.0275517,-0.00845629,0.593063
0.0891596,0.10386400000000001,0.368989,-0.000606498,-0.00104001,0.00075747,-0.00378325,-0.000312964,-0.00514455,0.584314,-0.13250399999999998,0.08128239999999999,0.401862,0.0446527,-0.0219495,-0.0424668,0.427388,0.21587199999999998,-0.018870500000000002,0.679717,-0.11091500000000001,0.0116064,0.0547505,0.009227899999999999,-0.00752871,-0.0062161000000000004,0.20887199999999997,0.178094,0.0240489,0.67935,0.0891021,0.00967922,0.0308286,-1.0459200000000001e-05,-7.79111e-05,3.77918e-05,8.86915e-05,0.000185828,0.00072689,0.586854
0.0898336,0.100839,0.371936,0.000298229,0.00159371,6.21942e-05,0.060461400000000005,0.0461812,3.6481900000000003e-07,0.566152,-0.00205013,0.030913299999999998,0.356309,0.00259898,-0.0230585,0.09783660000000001,-0.253977,-0.0309371,-0.359798,-0.585946,-0.0580351,-0.00895576,0.0340323,-0.000242013,0.00405771,0.0502019,-0.322835,-0.102576,-0.033368800000000004,-0.58625,0.0893122,0.00859714,0.0317895,0.0008889360000000001,0.000224603,-0.00019549099999999998,-0.000501291,0.000862558,-0.00257569,0.5664060000000001
0.090151,0.101884,0.372027,0.00017454900000000003,0.00178373,-0.00088175,0.0176707,0.00169821,-0.00523671,0.566756,-0.0142191,-0.00170183,0.389244,-0.00345531,-0.029245900000000002,0.01778,-0.0276459,0.0692031,-0.09203689999999999,-0.521274,-0.062862,-0.0207818,0.048289099999999995,-0.0006264980000000001,-0.015249500000000001,0.008147,-0.08367460000000002,-0.00217813,-0.0902183,-0.520991,0.08940210000000001,0.0087223,0.0318213,5.0958800000000004e-05,-9.98425e-05,7.397609999999999e-05,0.00976576,0.0401603,0.0295634,0.567441
0.09062680000000001,0.103191,0.369142,-0.00013303299999999998,0.00045604099999999997,-0.00171268,0.00114403,-0.0320541,-0.028814099999999995,0.555438,-0.0188668,0.00463528,0.406518,-0.00650783,0.0170558,0.013611600000000001,-0.0526986,0.0951831,0.0934179,-0.533325,-0.0644702,-0.0196556,0.0552024,-0.00246407,0.00887372,0.00480986,-0.0960743,0.15500799999999998,0.127253,-0.529101,0.08962869999999999,0.00930029,0.0308382,9.70972e-05,6.60805e-05,-0.000323687,0.0134904,-0.00341704,-0.00454525,0.5574520000000001
0.09089939999999999,0.103376,0.36741799999999997,-0.000296792,0.000136741,-0.000393941,-0.00023035900000000002,-0.0115022,-0.0103397,-0.549423,-0.0140237,-0.00233105,0.408576,-0.009490299999999998,0.0246848,-0.0328767,-0.387982,-0.7333029999999999,-0.08418969999999999,-0.569988,-0.0627597,-0.0221885,0.0571645,-0.00131581,0.00128275,-0.00712876,-0.400998,-0.899308,-0.329438,-0.571453,0.0897705,0.00953021,0.0302265,-3.09039e-05,-0.000153647,-8.819620000000001e-05,0.00312332,-0.00295829,2.59283e-05,0.552157
0.07563989999999998,0.0763586,0.369163,-0.05584630000000001,-0.0629322,0.00106009,-0.517444,-0.24231999999999998,0.505822,0.693109,-0.030611900000000004,0.0120024,0.35324099999999997,0.00860446,0.0190952,-0.0259948,-0.08722010000000001,0.18194100000000002,0.127867,-0.5247890000000001,-0.0695759,-0.0165555,0.035456699999999994,-0.000108666,0.00557974,-0.014922799999999998,-0.0171778,0.240508,0.290092,-0.521368,0.0843482,0.000131414,0.0305659,-0.0224641,-0.0350513,-0.00292968,-0.576676,-0.261153,0.72785,0.689976
0.0582141,0.0589835,0.383155,-0.0115236,-0.0218215,0.0182167,-0.25608600000000004,0.0449491,-0.00869472,0.779848,-0.0367967,0.026434199999999998,0.341641,0.0135835,0.00131208,-0.0287026,0.11779300000000001,0.0887102,0.007477199999999999,-0.600829,-0.0721707,-0.0107318,0.030970299999999996,0.00432754,-0.000581892,-0.016006299999999998,-0.00125073,0.0892042,0.0156929,-0.601518,0.0769699,-0.00770526,0.0356591,-0.00387678,-0.00253773,0.00638775,-0.022443099999999997,0.062432600000000005,0.017692,0.7793680000000001
0.0718671,0.0742712,0.385601,0.00154855,0.00174632,0.0009491110000000001,0.0654979,0.026549,-0.0426436,0.762807,-0.0714822,0.0620077,0.3357,-0.0124639,0.0970888,0.059419900000000005,-0.175354,-0.250368,0.00921829,-0.646729,-0.08554210000000001,0.00185372,0.0271084,-0.00634354,0.041155300000000006,0.0208565,-0.284645,-0.168415,0.27992,-0.644079,0.0820096,-0.00229064,0.036922699999999996,0.00181887,0.00416081,0.00272197,-0.0469719,0.019663999999999997,-0.019641299999999997,0.762373
0.0687912,0.0709293,0.381517,-0.00108433,-0.00179301,-0.00176074,0.013473599999999999,-0.017877599999999997,0.00714641,0.756893,-0.0768385,0.097729,0.397581,0.0198772,0.0295702,0.034833300000000005,0.00476419,0.265754,0.08725269999999999,0.68834,-0.08788910000000001,0.0169325,0.0514842,0.0110572,0.011309399999999999,0.0105756,-0.07353029999999999,0.283942,0.07219600000000001,0.6847,0.0812317,-0.00330864,0.0357616,-1.07062e-05,-8.956180000000001e-05,-4.69257e-05,-0.00263246,0.000661688,0.00047185699999999995,0.756971
0.068745,0.07165099999999999,0.37774800000000003,0.000894523,0.00423086,-0.00674819,0.0232723,-0.0252084,0.00010766299999999999,0.75054,-0.07689960000000001,0.103629,0.412224,0.00313073,-0.014309200000000001,0.00981799,0.0834608,-0.21424200000000002,-0.156933,0.685873,-0.0879423,0.0205305,0.0576413,0.000324776,-0.00430523,0.00447347,0.0160493,-0.199569,-0.0462843,0.686575,0.08098150000000001,-0.00314663,0.0344541,6.45063e-05,0.00160123,-0.00269106,0.037215,-0.0989266,-0.034279000000000004,0.751412
0.0693526,0.07312350000000001,0.375434,0.00079799,0.0019364,-0.00130922,0.00533192,-0.00693951,0.00163661,0.744764,-0.0752503,0.10085,0.41335200000000005,0.00161789,-0.00619564,-0.00554022,-0.0577443,-0.00200822,-0.082754,-0.63072,-0.0873593,0.019198,0.05859580000000001,0.000760641,-0.00132544,-0.00102795,-0.105772,0.0414199,-0.07276410000000001,-0.634205,0.0811614,-0.00260232,0.0334548,0.00016614400000000001,0.00037899300000000005,-0.000669276,0.0052232,-0.00293334,-0.00629474,0.745163
0.0705193,0.0752529,0.37459899999999996,0.00203554,0.00290416,0.00359075,-0.00731058,-0.0189115,-0.0140596,0.737272,-0.0894732,0.09096710000000001,0.37309000000000003,-0.0315079,-0.0952339,-0.16420099999999999,0.514241,-0.105054,-0.400002,0.6399590000000001,-0.09338819999999999,0.016756200000000002,0.0450866,-0.014105100000000002,-0.0341015,-0.054266699999999994,0.291594,0.45080200000000004,-0.140595,0.643721,0.08155549999999999,-0.0020293,0.032832099999999996,0.0007292560000000001,0.00079674,-0.000368646,0.468272,0.00775232,-0.134535,0.738429
0.073148,0.0785071,0.3771,0.00126094,0.00644572,-0.00343782,0.0107678,0.032268700000000004,-0.044693199999999995,0.717653,-0.0359005,0.0613231,0.326027,-0.000683023,0.0284402,0.00598041,-0.262391,0.101599,-0.173983,0.649949,-0.071793,0.00252751,0.024047799999999998,0.00179237,0.00435492,0.00170176,-0.352123,0.203841,-0.0821543,0.6541640000000001,0.0825375,-0.0008129639999999999,0.033650599999999996,0.000335929,0.00123262,-8.20614e-05,-0.017483000000000002,0.059315599999999996,-0.0270009,0.7161420000000001
